{"skyline": {"axe": [-2.054528554502366, -1.0555581200018378, -1.2862468963224394, 1.1477369018946078], "bucket": [-0.768350157702416, -1.7160452750473627, -0.4781894277138189, -0.41368819253018846], "cobblestone": [-0.21057771762142996, 3.542157170321101, 1.2091213483438228, -0.1336953371281489], "dirt": [1.2660044650385907, 0.6978355181718453, -0.7800228697574836, 0.23333961622994578], "farmland": [3.0286725734972118, 1.2579522632789182, -0.3334038140213269, -1.7250265979076944], "hoe": [-1.8752200576767122, 1.3530423322311997, -1.1318814333310818, -0.04289131449706896], "item": [-0.5933709176119812, -2.255519569606418, 3.1474108923482254, -0.8586632650509552], "log": [0.16788303258084553, -0.12521484173446237, 1.6113790108637551, -0.12797112617518674], "pickaxe": [-3.1561697997653497, -0.050368089844465724, -1.119227780797798, -1.2668448068934892], "stone": [0.7854547280941108, 0.286797176728897, 0.7448865940531948, 3.2370222097941252], "water": [3.4102024056694953, -1.935078564497416, -1.5838256236650494, -0.04931808773594885]}, "skyline_hier": {"axe": [-1.57863797764991, -1.7216480329066641, 1.4923591015436715, 1.0839230911679525], "bucket": [-0.9122524102530144, -0.9228342742912912, 1.7367726235506646, -0.41725410861109125], "cobblestone": [-2.831745548196917, 1.7657393425554293, -2.5397925224901274, -0.3149463254939538], "dirt": [-0.8003700320475923, 1.8262281594840932, 0.6985740546240429, 0.22139181961850377], "edge": [0.5364549110020453, 1.0736534745942148, -0.9296369160103312, 0.7955398321071162], "farmland": [0.3250754761450614, 3.0556840918155412, 0.06745025917789568, -2.131612838140766], "hoe": [-2.832728881019591, -0.5848946064407031, 0.1574630590694783, -0.2766449154359706], "item": [1.5013044595849652, -2.116249513475506, -1.4050144331698609, -0.6718015786519501], "log": [-0.36946012698124703, 0.0369699558391341, -0.7730857935104193, -0.22529671392448167], "material": [3.004684558937984, -0.48525242609280994, -0.1339925814783271, 1.261851283708046], "pickaxe": [-2.6066710824646084, -2.3716897257187317, 0.8184160180744733, -0.7394928640465033], "product": [3.0588596203643448, -1.205172729714045, -0.52327753991052, -1.141918977041056], "stone": [-0.11487696525146175, 1.0199881235101536, -0.5373499899213244, 3.0430282990047024], "tool": [1.5960567812223632, -1.568948616167271, -0.7963627919965441, -0.30940036465574494], "water": [2.024307216607576, 2.198426777008452, 2.667477452447225, -0.17736563960480564]}, "skyline_simple": {"axe": [-1.57863797764991, -1.7216480329066641, 1.4923591015436715, 1.0839230911679525], "bucket": [-0.9122524102530144, -0.9228342742912912, 1.7367726235506646, -0.41725410861109125], "cobblestone": [-2.831745548196917, 1.7657393425554293, -2.5397925224901274, -0.3149463254939538], "dirt": [-0.8003700320475923, 1.8262281594840932, 0.6985740546240429, 0.22139181961850377], "edge": [0.5364549110020453, 1.0736534745942148, -0.9296369160103312, 0.7955398321071162], "farmland": [0.3250754761450614, 3.0556840918155412, 0.06745025917789568, -2.131612838140766], "hoe": [-2.832728881019591, -0.5848946064407031, 0.1574630590694783, -0.2766449154359706], "item": [1.5013044595849652, -2.116249513475506, -1.4050144331698609, -0.6718015786519501], "log": [-0.36946012698124703, 0.0369699558391341, -0.7730857935104193, -0.22529671392448167], "material": [3.004684558937984, -0.48525242609280994, -0.1339925814783271, 1.261851283708046], "pickaxe": [-2.6066710824646084, -2.3716897257187317, 0.8184160180744733, -0.7394928640465033], "product": [3.0588596203643448, -1.205172729714045, -0.52327753991052, -1.141918977041056], "stone": [-0.11487696525146175, 1.0199881235101536, -0.5373499899213244, 3.0430282990047024], "tool": [1.5960567812223632, -1.568948616167271, -0.7963627919965441, -0.30940036465574494], "water": [2.024307216607576, 2.198426777008452, 2.667477452447225, -0.17736563960480564]}}