{"air": [-0.42281007766723633, -0.014576023444533348, -0.4062612056732178, 0.30815792083740234, 0.14482086896896362, 0.04471719264984131, 1.4093496799468994, -0.9455788135528564], "player": [0.48419272899627686, 0.1648123413324356, -0.39420127868652344, -1.1021662950515747, 0.3087020814418793, -0.10317130386829376, -0.3331042230129242, -1.948944091796875], "stone": [-0.7474339008331299, 0.2180478274822235, 0.43679580092430115, 0.541104793548584, 0.43465277552604675, -0.3443745970726013, -0.8211338520050049, -0.772902250289917], "pickaxe_item": [-0.08465854078531265, -0.11049363762140274, -2.4957125186920166, -0.10325001180171967, -0.013992956839501858, -0.1824864149093628, 0.427823007106781, 1.433421015739441], "cobblestone_item": [0.7501175999641418, -0.981704831123352, -0.5796021223068237, 0.7579684257507324, 0.48674336075782776, 0.04000554606318474, -1.4850910902023315, -1.4584641456604004], "log": [-0.28453272581100464, 0.12977442145347595, -0.1039898470044136, 0.7656887769699097, -0.08410216122865677, -0.6139196753501892, -0.02995576150715351, -1.020534634590149], "axe_item": [1.0038429498672485, 0.3772501051425934, -1.6339393854141235, -0.5733961462974548, -0.11015195399522781, -1.0587319135665894, 1.2823745012283325, 1.059146761894226], "dirt": [-0.5162124633789062, -0.49135729670524597, 1.2804707288742065, 0.4158220887184143, 0.004294220358133316, -0.15573632717132568, -0.1932860016822815, -0.8358523845672607], "farmland": [-0.5596300959587097, 0.5334718227386475, 0.40688660740852356, 0.3945865333080292, 0.1715109646320343, 0.876044750213623, -0.28708741068840027, 1.0216400623321533], "hoe_item": [1.1230584383010864, -0.1560600847005844, -0.8986345529556274, 0.7796077132225037, 1.6383126974105835, -1.5013867616653442, -0.3503493666648865, -0.06368742138147354], "water": [0.12559475004673004, 0.7145006060600281, 0.18987558782100677, 1.0517489910125732, -0.5355571508407593, 0.9842804670333862, 0.1288037747144699, -0.9176772832870483], "bucket_item": [1.7668108940124512, 0.6612908840179443, -0.5340769290924072, 1.3237812519073486, 1.673701286315918, -0.5944244265556335, -0.7353585958480835, 0.1609659492969513], "water_bucket_item": [-0.3433358073234558, 1.5712648630142212, 0.19161488115787506, 0.37994185090065, -0.14475703239440918, 0.637617826461792, -0.2812902331352234, -1.329875111579895], "log_item": [1.4541163444519043, -2.325622797012329, -0.5189537405967712, 1.3446756601333618, -0.534735381603241, -0.8259177803993225, -1.1139363050460815, -1.7988598346710205]}