{"air": [-0.12782812118530273, 0.08098052442073822, 1.682053804397583, -0.7377848625183105, 0.8800284266471863, -0.30016854405403137, -0.2692154347896576, -0.4547771215438843], "player": [0.02684180624783039, -2.6057980060577393, 0.27901455760002136, 0.8252109289169312, -0.2807152569293976, 1.2652877569198608, -0.6764264702796936, -2.14088773727417], "stone": [-0.7490028738975525, 0.38494032621383667, 0.7436780333518982, -0.024724511429667473, 0.5812903046607971, -1.3186018466949463, -0.9165114760398865, -0.21179553866386414], "pickaxe_item": [0.13103236258029938, -0.762061595916748, -0.244998961687088, 0.647310733795166, 0.1369689255952835, -0.26810401678085327, -0.07807830721139908, 2.207425832748413], "cobblestone_item": [0.3214382529258728, -0.3387412428855896, -3.5713658332824707, 0.17839427292346954, 1.8678514957427979, -2.088467597961426, -1.8935078382492065, -1.3954787254333496], "log": [-0.5471289753913879, 0.6765533685684204, -0.5826911330223083, -0.8853150606155396, 0.06379467993974686, -0.678240180015564, -0.30410030484199524, -0.9714488983154297], "axe_item": [0.0827624499797821, -1.0606437921524048, -0.7508571147918701, 0.47166872024536133, 1.149684190750122, -0.1298019140958786, 0.9976252913475037, 1.6088899374008179], "dirt": [-1.6953580379486084, -0.8991780877113342, -1.3519272804260254, -1.368033528327942, -0.38828253746032715, -0.3317123353481293, 0.044101253151893616, 0.3353717625141144], "farmland": [0.3362199068069458, 0.5766449570655823, 0.20281292498111725, 1.5771853923797607, 1.1501017808914185, -0.6992120742797852, 0.4984850585460663, 1.7821757793426514], "hoe_item": [0.6579973101615906, -0.29143065214157104, -0.9318320751190186, -0.8984776139259338, 0.047606535255908966, 1.7789548635482788, -1.3891005516052246, 2.2702784538269043], "water": [-1.9952694177627563, -0.12610845267772675, -0.2663207948207855, -0.20106717944145203, 1.008689045906067, 0.544793426990509, -0.48318803310394287, -0.20133137702941895], "bucket_item": [0.5047082901000977, -0.4417645335197449, -0.3678514361381531, -0.19956046342849731, 2.1377627849578857, 1.5805505514144897, 0.2514195144176483, 1.3379946947097778], "water_bucket_item": [1.3565850257873535, 1.1339643001556396, -0.334602952003479, 1.4665684700012207, 1.9295060634613037, -0.31396642327308655, -0.9877941012382507, 1.1512720584869385], "log_item": [0.4171956777572632, -0.06484827399253845, -4.896713733673096, -0.8795060515403748, 0.7523792386054993, -1.27842378616333, -1.4681035280227661, -1.8326507806777954]}