{"air": [-1.3484116792678833, 0.23073135316371918, -0.07857729494571686, 0.09009405225515366, 0.44224268198013306, 0.35428497195243835, 2.1658570766448975, -1.0833797454833984], "wall": [1.585106372833252, -0.3814135491847992, 0.7516624927520752, -1.9603817462921143, 0.8407533764839172, 0.9112967848777771, 0.830455482006073, -2.3044066429138184], "stone": [-1.5790703296661377, -0.44611451029777527, 0.9216217398643494, 0.24986445903778076, 0.8134027719497681, 0.1660097986459732, -0.09856180101633072, -0.7782712578773499], "pickaxe_item": [-0.6966195702552795, -1.2763936519622803, -2.0656566619873047, -1.1492424011230469, 0.8761641979217529, -0.5060670971870422, 1.0799338817596436, 1.9338743686676025], "cobblestone_item": [0.9535053968429565, -1.7676903009414673, -0.642436146736145, 1.3255703449249268, 0.07240549474954605, -0.33499518036842346, -2.3630549907684326, -2.108267307281494], "log": [-0.911483108997345, -0.4630182981491089, 0.43806177377700806, 0.344092458486557, -0.37418559193611145, -0.8024221062660217, 0.5130749344825745, -1.314131259918213], "axe_item": [0.652442455291748, -0.33908185362815857, -2.185025691986084, -0.9748261570930481, -0.3116057217121124, -0.37690111994743347, 1.6671245098114014, 1.6675995588302612], "dirt": [-0.3502826392650604, -1.4084008932113647, 2.0608386993408203, 0.05079806223511696, -0.8179133534431458, -0.5379654765129089, 0.3208466172218323, -0.022518444806337357], "farmland": [-1.7013740539550781, 0.3559873700141907, -0.48941856622695923, -0.41045451164245605, 0.2616201937198639, 0.801372766494751, -0.5796325206756592, 1.881507158279419], "hoe_item": [1.160629391670227, -0.0020232670940458775, -0.2685937285423279, 0.20173242688179016, 1.8760969638824463, -2.762026786804199, 0.5140213370323181, 0.8198620080947876], "water": [-0.1423448622226715, 0.7327110171318054, 0.8985626697540283, 0.6587955951690674, -1.1295206546783447, 0.7876068949699402, 0.54300856590271, -0.26841652393341064], "bucket_item": [1.5829219818115234, 1.1822757720947266, -0.6927540898323059, 1.0765196084976196, 1.592753291130066, -0.7910937666893005, 0.16203933954238892, 1.277640461921692], "water_bucket_item": [-1.1995627880096436, 1.929707407951355, -0.5062374472618103, -0.7310970425605774, 0.03603503480553627, 0.23780374228954315, -1.2607471942901611, -0.42373570799827576], "log_item": [1.649470329284668, -2.6922340393066406, -0.6932666897773743, 1.7681106328964233, -1.4156255722045898, -2.0385653972625732, -1.8672585487365723, -2.808878183364868], "dirt_item": [-0.040523234754800797, -0.3031288683414459, -0.17038314044475555, 0.03891889005899429, 0.1954798549413681, -0.3440639078617096, 0.12421983480453491, -0.252471923828125], "farmland_item": [-0.04052629694342613, -0.3031754195690155, -0.17038245499134064, 0.03885737806558609, 0.19539450109004974, -0.34378910064697266, 0.12422327697277069, -0.25247839093208313]}