{"air": [-1.485774040222168, 0.17463810741901398, -0.11903087049722672, 0.09226952493190765, 0.5393579602241516, 0.29333218932151794, 2.2145979404449463, -1.0476428270339966], "wall": [1.3469127416610718, -0.20384806394577026, 0.5126519799232483, -1.9400136470794678, 0.9629923701286316, 0.9216994047164917, 0.7500184178352356, -2.5005009174346924], "stone": [-1.8003085851669312, -0.31365635991096497, 0.8473303914070129, -0.08991841226816177, 0.6646954417228699, -0.05515243113040924, -0.17780812084674835, -0.7642852067947388], "pickaxe_item": [-0.716645359992981, -1.0571869611740112, -2.26302170753479, -1.0094423294067383, 0.7292075157165527, -0.31521669030189514, 1.163630723953247, 1.9889311790466309], "cobblestone_item": [0.6594946980476379, -1.674529790878296, -0.7760865092277527, 1.1956242322921753, -0.18251276016235352, -0.17582635581493378, -2.4844682216644287, -1.9691098928451538], "log": [-1.027040719985962, -0.4395584464073181, 0.43703874945640564, 0.11984536051750183, -0.34868308901786804, -0.9095504283905029, 0.4984825551509857, -1.395005464553833], "axe_item": [0.7358270287513733, -0.36614131927490234, -1.9283548593521118, -1.0713708400726318, -0.3074232339859009, -0.5189111232757568, 1.9143768548965454, 1.685490369796753], "dirt": [-0.34553655982017517, -1.577073097229004, 2.0357446670532227, 0.1462143063545227, -0.6402567625045776, -0.4174157381057739, 0.6287395358085632, -0.13733747601509094], "farmland": [-1.5808053016662598, 0.593969464302063, -0.1795901656150818, -0.6200804114341736, -0.006268433760851622, 0.5178613662719727, -0.3594408333301544, 2.081016778945923], "hoe_item": [0.8554896116256714, -0.21901027858257294, -0.5426562428474426, 0.21001559495925903, 2.0291783809661865, -2.8481063842773438, 0.4324592351913452, 0.6617782711982727], "water": [-0.24199584126472473, 0.6608620882034302, 0.9700758457183838, 0.9050185680389404, -0.8821120858192444, 0.7429367303848267, 0.7781676650047302, -0.297291100025177], "bucket_item": [1.5972049236297607, 1.0236455202102661, -0.49384593963623047, 1.038504958152771, 1.7372467517852783, -0.957794725894928, 0.28349465131759644, 1.1924644708633423], "water_bucket_item": [-1.0726964473724365, 2.205812931060791, -0.4054158926010132, -0.5383743643760681, -0.3804614543914795, 0.057142991572618484, -0.9769977331161499, -0.21784460544586182], "log_item": [1.5057494640350342, -2.9294657707214355, -0.8173263072967529, 1.8024917840957642, -1.4032379388809204, -1.6963956356048584, -1.8669722080230713, -2.684340715408325], "dirt_item": [-0.12819060683250427, -0.28644266724586487, -0.18181124329566956, 0.015936119481921196, 0.17847713828086853, -0.37896114587783813, 0.20829331874847412, -0.24378053843975067], "farmland_item": [-0.12819021940231323, -0.2864284813404083, -0.1818293184041977, 0.015914177522063255, 0.17847101390361786, -0.37895992398262024, 0.20821613073349, -0.24377301335334778]}