{"air": [-1.361008644104004, 0.24032475054264069, -0.12374481558799744, 0.08233571797609329, 0.4609532654285431, 0.36203837394714355, 2.16678786277771, -1.0876450538635254], "wall": [1.6072896718978882, -0.40759798884391785, 0.7666587829589844, -1.9538294076919556, 0.8503811955451965, 0.9173094034194946, 0.8633676171302795, -2.304370403289795], "stone": [-1.5971490144729614, -0.5078410506248474, 0.9133641719818115, 0.22475126385688782, 0.8159423470497131, 0.18590931594371796, -0.09718073159456253, -0.7732636332511902], "pickaxe_item": [-0.6748003363609314, -1.3078532218933105, -2.053960084915161, -1.173915147781372, 0.837570071220398, -0.5406121611595154, 1.0886290073394775, 1.9771312475204468], "cobblestone_item": [0.9847431778907776, -1.816367745399475, -0.6386227607727051, 1.330994963645935, 0.04226643592119217, -0.3175157606601715, -2.347536563873291, -2.0960795879364014], "log": [-0.936779797077179, -0.4593733847141266, 0.41031691431999207, 0.3098430037498474, -0.34843429923057556, -0.8209636807441711, 0.4872048497200012, -1.335140347480774], "axe_item": [0.653968095779419, -0.31739068031311035, -2.1898505687713623, -0.950798511505127, -0.311980664730072, -0.35464638471603394, 1.70694100856781, 1.6949422359466553], "dirt": [-0.3662458062171936, -1.433681607246399, 2.0758016109466553, 0.1009715273976326, -0.8201330304145813, -0.5263909101486206, 0.38147830963134766, -0.04580521211028099], "farmland": [-1.6664236783981323, 0.2874358892440796, -0.467364102602005, -0.36324360966682434, 0.2902338206768036, 0.8778043389320374, -0.5560900568962097, 1.9297266006469727], "hoe_item": [1.1588265895843506, -0.035659242421388626, -0.26267310976982117, 0.15122385323047638, 1.8478814363479614, -2.7922492027282715, 0.5181763172149658, 0.8591526746749878], "water": [-0.1780214011669159, 0.7395868301391602, 0.9330435991287231, 0.6606107950210571, -1.1364107131958008, 0.763302743434906, 0.5562790632247925, -0.27557283639907837], "bucket_item": [1.561921238899231, 1.1831581592559814, -0.6889832019805908, 1.1032696962356567, 1.6323082447052002, -0.8325235843658447, 0.17410194873809814, 1.2460932731628418], "water_bucket_item": [-1.1868010759353638, 1.8687220811843872, -0.47072818875312805, -0.7693339586257935, 0.062216222286224365, 0.3032752275466919, -1.321364402770996, -0.3610303997993469], "log_item": [1.6853569746017456, -2.713912010192871, -0.734123170375824, 1.7468880414962769, -1.4344991445541382, -2.0687074661254883, -1.8450777530670166, -2.8043272495269775], "dirt_item": [-0.038932058960199356, -0.3266432583332062, -0.16904518008232117, 0.036046791821718216, 0.19769108295440674, -0.34079164266586304, 0.13467010855674744, -0.2416107952594757], "farmland_item": [-0.03888316452503204, -0.326848566532135, -0.16904287040233612, 0.03604748100042343, 0.1976936012506485, -0.3409042954444885, 0.1346849799156189, -0.2416244000196457]}