{"air": [-0.4230600893497467, -0.01482600998133421, -0.4060112237930298, 0.30790790915489197, 0.14507083594799042, 0.04496718943119049, 1.4095996618270874, -0.9453288316726685], "wall": [0.48394301533699036, 0.1650623232126236, -0.39395129680633545, -1.1024162769317627, 0.30895206332206726, -0.10292131453752518, -0.3328542113304138, -1.949194073677063], "stone": [-0.7476838827133179, 0.2182978242635727, 0.4370458126068115, 0.540854811668396, 0.43490275740623474, -0.3446245789527893, -0.8208838701248169, -0.772652268409729], "pickaxe_item": [-0.08490853756666183, -0.11074358224868774, -2.495962619781494, -0.10350000858306885, -0.014242921024560928, -0.1822364181280136, 0.4280730187892914, 1.433670997619629], "cobblestone_item": [0.7503675818443298, -0.98195481300354, -0.5798521041870117, 0.7582184076309204, 0.48699334263801575, 0.04025554284453392, -1.4853410720825195, -1.4587141275405884], "log": [-0.284782737493515, 0.12952442467212677, -0.10373985022306442, 0.7654387950897217, -0.08435215801000595, -0.6141696572303772, -0.02970576286315918, -1.020784616470337], "axe_item": [1.0035929679870605, 0.37750008702278137, -1.6341893672943115, -0.5736461281776428, -0.1104019433259964, -1.0589818954467773, 1.2826244831085205, 1.059396743774414], "dirt": [-0.5164624452590942, -0.49160730838775635, 1.2807207107543945, 0.41557207703590393, 0.004044224973767996, -0.15598630905151367, -0.1930360049009323, -0.8356024026870728], "farmland": [-0.5598800778388977, 0.5337218046188354, 0.40713661909103394, 0.3943365216255188, 0.1717609167098999, 0.876294732093811, -0.2868373990058899, 1.0218900442123413], "hoe_item": [1.1233084201812744, -0.1563100814819336, -0.8988845348358154, 0.7793577313423157, 1.6385626792907715, -1.5016367435455322, -0.3500993549823761, -0.06343742460012436], "water": [0.12534475326538086, 0.7147505879402161, 0.19012558460235596, 1.0519989728927612, -0.5358071327209473, 0.9845304489135742, 0.1290537714958191, -0.9174273014068604], "bucket_item": [1.7670608758926392, 0.6615408658981323, -0.5338269472122192, 1.3235312700271606, 1.673951268196106, -0.5946744084358215, -0.7351086139678955, 0.16121594607830048], "water_bucket_item": [-0.3435858190059662, 1.5715148448944092, 0.19186487793922424, 0.37969183921813965, -0.14500702917575836, 0.63786780834198, -0.281040221452713, -1.330125093460083], "log_item": [1.4543663263320923, -2.3258728981018066, -0.5187037587165833, 1.3449256420135498, -0.534985363483429, -0.8261677622795105, -1.1141862869262695, -1.7991098165512085], "dirt_item": [-1.4774928092956543, -1.7554211616516113, 0.0759160965681076, -1.0783534049987793, 1.4400922060012817, -0.110844187438488, 0.576610267162323, -0.16942408680915833], "farmland_item": [-0.06377487629652023, 1.0381755828857422, 0.9065735340118408, -0.4752638339996338, -0.8704935908317566, 0.14449289441108704, 1.90260648727417, 0.39014577865600586]}