{"air": [-1.3837065696716309, 0.052240390330553055, 0.08296820521354675, 0.05206982418894768, 0.5551199316978455, 0.3966328501701355, 2.2299442291259766, -1.02260160446167], "wall": [1.1773316860198975, 0.03876310959458351, 0.4704889953136444, -1.7530786991119385, 0.9698870778083801, 0.6841055154800415, 0.7253841757774353, -2.702052593231201], "stone": [-1.741673469543457, -0.15863533318042755, 0.9426135420799255, -0.1200115904211998, 0.6420971155166626, -0.43725821375846863, -0.16096282005310059, -0.7009621858596802], "pickaxe_item": [-0.5810450315475464, -0.9159473776817322, -2.443718433380127, -0.7538509964942932, 0.5188270807266235, -0.079133041203022, 1.3434516191482544, 1.7754392623901367], "cobblestone_item": [0.5834577083587646, -1.8692327737808228, -0.7435591220855713, 1.3118599653244019, -0.017187992110848427, -0.06579409539699554, -2.2654507160186768, -1.8997732400894165], "log": [-1.0522974729537964, -0.41972583532333374, 0.3190746009349823, -0.031095145270228386, -0.5634874701499939, -0.8953791260719299, 0.44950947165489197, -1.2934101819992065], "axe_item": [0.6546167135238647, -0.14864793419837952, -1.6693267822265625, -1.0321887731552124, -0.23300622403621674, -0.8239067792892456, 1.947543740272522, 1.6569863557815552], "dirt": [-0.6954444646835327, -1.4730340242385864, 1.9389007091522217, 0.024539032950997353, -0.6036095023155212, -0.6316902041435242, 0.5536407232284546, -0.26748377084732056], "farmland": [-1.5595723390579224, 0.5351647734642029, -0.26159486174583435, -0.6865884065628052, 0.05863456800580025, 0.6688122153282166, -0.3095622658729553, 1.9056613445281982], "hoe_item": [0.8769736886024475, -0.4776301681995392, -0.8983081579208374, 0.37525731325149536, 2.287710666656494, -2.2715203762054443, 0.491970419883728, 0.5239037871360779], "water": [-0.4468128979206085, 0.3304762542247772, 0.7929530739784241, 1.1371310949325562, -0.7961426973342896, 0.9491326212882996, 0.8307880163192749, -0.4142942726612091], "bucket_item": [1.4907102584838867, 1.0758546590805054, -0.22760343551635742, 0.7630648612976074, 1.7246180772781372, -0.9529626965522766, 0.16475079953670502, 1.2249482870101929], "water_bucket_item": [-1.2050358057022095, 2.0378332138061523, -0.7027033567428589, 0.07601949572563171, -0.20083916187286377, 0.4368044137954712, -0.8791091442108154, -0.3352791666984558], "log_item": [1.6867995262145996, -3.069662094116211, -0.4458255171775818, 1.8419517278671265, -1.3028446435928345, -1.4495595693588257, -1.805317759513855, -2.3145058155059814], "dirt_item": [-0.173077791929245, -0.3113304376602173, -0.19228877127170563, 0.084402896463871, 0.21549437940120697, -0.3171166181564331, 0.24445457756519318, -0.2767762839794159], "farmland_item": [-0.17334198951721191, -0.3113325834274292, -0.19228750467300415, 0.08420385420322418, 0.215494766831398, -0.3171156346797943, 0.24445362389087677, -0.2767719328403473]}