{"air": [-1.5234678983688354, 0.249737948179245, -0.14665217697620392, 0.07657699286937714, 0.47752586007118225, 0.3099163770675659, 2.156991481781006, -1.0892826318740845], "wall": [1.6483122110366821, -0.38834425806999207, 0.6753261089324951, -1.997474193572998, 0.8765376806259155, 0.9891194105148315, 0.9380119442939758, -2.3436083793640137], "stone": [-1.632000207901001, -0.5083009600639343, 0.8495725393295288, -0.03697172552347183, 0.8988558650016785, 0.09963469207286835, -0.2395273745059967, -0.7721738815307617], "pickaxe_item": [-0.7560257911682129, -1.2961922883987427, -2.1739413738250732, -1.1097114086151123, 0.7425300478935242, -0.5551820993423462, 1.2175407409667969, 2.153359889984131], "cobblestone_item": [1.0469582080841064, -1.8224226236343384, -0.7253250479698181, 1.1892566680908203, -0.17995291948318481, -0.263139009475708, -2.5359649658203125, -1.9813350439071655], "log": [-1.0113080739974976, -0.5127397179603577, 0.3445165753364563, 0.09859704226255417, -0.2851562201976776, -0.8734219074249268, 0.36773544549942017, -1.4347717761993408], "axe_item": [0.6696286797523499, -0.3022715151309967, -2.1248698234558105, -1.1624656915664673, -0.33889564871788025, -0.44642865657806396, 1.8536568880081177, 1.7931413650512695], "dirt": [-0.4854680299758911, -1.5212633609771729, 2.1304774284362793, 0.2708030045032501, -0.725134551525116, -0.5464907884597778, 0.613068163394928, -0.16857071220874786], "farmland": [-1.6753584146499634, 0.33570414781570435, -0.28241944313049316, -0.5763922333717346, 0.13756506145000458, 0.7228085398674011, -0.5316669344902039, 2.1387898921966553], "hoe_item": [1.278639793395996, -0.12365150451660156, -0.29795995354652405, 0.21966427564620972, 1.8586628437042236, -2.856079578399658, 0.55838543176651, 0.9370809197425842], "water": [-0.2479097694158554, 0.6813300848007202, 0.9703986048698425, 0.7822035551071167, -1.0652248859405518, 0.7754577398300171, 0.7048142552375793, -0.28095829486846924], "bucket_item": [1.4931416511535645, 1.2378579378128052, -0.8275263905525208, 1.115510106086731, 1.7366973161697388, -0.8734868764877319, 0.18967533111572266, 1.257688283920288], "water_bucket_item": [-1.1052093505859375, 1.9871783256530762, -0.3520808517932892, -0.9070289134979248, -0.22847415506839752, 0.18207146227359772, -1.3230371475219727, -0.18130096793174744], "log_item": [1.85391366481781, -2.917893648147583, -0.8290221691131592, 1.8252034187316895, -1.5367456674575806, -1.9102572202682495, -1.8146456480026245, -2.718980550765991], "dirt_item": [-0.04912983998656273, -0.3428085148334503, -0.18723449110984802, -0.016068771481513977, 0.1690138876438141, -0.3700776994228363, 0.1608845293521881, -0.19368226826190948], "farmland_item": [-0.04914020001888275, -0.342808336019516, -0.1873241513967514, -0.015912171453237534, 0.16900116205215454, -0.37005412578582764, 0.16084308922290802, -0.19368202984333038]}