{"air": [-1.3445918560028076, 0.23159487545490265, -0.11792352795600891, 0.08012907207012177, 0.449037104845047, 0.3595890402793884, 2.164425849914551, -1.077684998512268], "wall": [1.5897425413131714, -0.392463356256485, 0.7582489252090454, -1.9540561437606812, 0.8515092134475708, 0.9126230478286743, 0.8472076058387756, -2.309767723083496], "stone": [-1.6002352237701416, -0.4627302587032318, 0.9358078837394714, 0.2562307119369507, 0.8086841106414795, 0.1595550924539566, -0.05865340307354927, -0.7769906520843506], "pickaxe_item": [-0.6933789849281311, -1.287574052810669, -2.0608737468719482, -1.1467430591583252, 0.8645182847976685, -0.5214038491249084, 1.0889190435409546, 1.9542604684829712], "cobblestone_item": [0.948078453540802, -1.7682238817214966, -0.627521276473999, 1.3450343608856201, 0.06935545802116394, -0.34013158082962036, -2.3577215671539307, -2.1230504512786865], "log": [-0.9223794937133789, -0.45180484652519226, 0.4281759262084961, 0.32912686467170715, -0.36277246475219727, -0.8201700448989868, 0.47900426387786865, -1.334962010383606], "axe_item": [0.6605955362319946, -0.33249908685684204, -2.1862642765045166, -0.9629660844802856, -0.3048756420612335, -0.36478888988494873, 1.6714543104171753, 1.683080792427063], "dirt": [-0.35335105657577515, -1.4417392015457153, 2.0545871257781982, 0.06414812058210373, -0.8204142451286316, -0.5202929973602295, 0.34450969099998474, -0.027863681316375732], "farmland": [-1.6841155290603638, 0.3098488450050354, -0.47357282042503357, -0.3782716691493988, 0.29229483008384705, 0.8467971086502075, -0.5732603073120117, 1.9011515378952026], "hoe_item": [1.1639516353607178, -0.01530664972960949, -0.2556009590625763, 0.17928549647331238, 1.863664984703064, -2.779069662094116, 0.5334267616271973, 0.8476219177246094], "water": [-0.16131573915481567, 0.7394947409629822, 0.9227421879768372, 0.6506810784339905, -1.1329970359802246, 0.7709291577339172, 0.5406816601753235, -0.2790931463241577], "bucket_item": [1.5677160024642944, 1.1926323175430298, -0.6925070285797119, 1.08371102809906, 1.6033402681350708, -0.8157498240470886, 0.1660691499710083, 1.2654039859771729], "water_bucket_item": [-1.2032479047775269, 1.889959692955017, -0.4734596312046051, -0.7599613070487976, 0.06538669019937515, 0.2610308527946472, -1.2998417615890503, -0.3864690065383911], "log_item": [1.6951810121536255, -2.707029342651367, -0.7189275622367859, 1.7618763446807861, -1.3986786603927612, -2.0462300777435303, -1.8458251953125, -2.793225049972534], "dirt_item": [-0.04012612625956535, -0.3138705790042877, -0.1673046350479126, 0.039678748697042465, 0.2014702707529068, -0.34415754675865173, 0.12939110398292542, -0.24739786982536316], "farmland_item": [-0.04013323411345482, -0.31386834383010864, -0.16730624437332153, 0.039681486785411835, 0.2015094757080078, -0.34426286816596985, 0.1293795257806778, -0.24738357961177826]}