{"air": [-1.5055737495422363, 0.15825524926185608, 0.016452385112643242, 0.05054781585931778, 0.5752888917922974, 0.24386198818683624, 2.2440547943115234, -1.0228190422058105], "wall": [1.264326810836792, -0.06376723945140839, 0.44896945357322693, -1.8385337591171265, 0.9573462605476379, 0.8224479556083679, 0.7362350225448608, -2.6391239166259766], "stone": [-1.8277052640914917, -0.29535970091819763, 0.8364058136940002, -0.0499429851770401, 0.5965018272399902, -0.22251589596271515, -0.14612671732902527, -0.7593868970870972], "pickaxe_item": [-0.6460953950881958, -1.0176153182983398, -2.3982951641082764, -0.7984747886657715, 0.6454400420188904, -0.10048864036798477, 1.29261314868927, 1.7799876928329468], "cobblestone_item": [0.6254866719245911, -1.7790926694869995, -0.808883786201477, 1.156635046005249, -0.08681782335042953, -0.21670041978359222, -2.4042155742645264, -1.9447863101959229], "log": [-1.0074257850646973, -0.46633267402648926, 0.40039366483688354, 0.13964353501796722, -0.5291159749031067, -0.7569422721862793, 0.48286426067352295, -1.4130761623382568], "axe_item": [0.7552361488342285, -0.2769235670566559, -1.892745018005371, -1.021024465560913, -0.22554399073123932, -0.6291801333427429, 2.067753791809082, 1.504104733467102], "dirt": [-0.44087210297584534, -1.5209976434707642, 2.015047311782837, -0.08565159887075424, -0.6047853827476501, -0.6211580038070679, 0.5310415625572205, -0.1966310739517212], "farmland": [-1.557934045791626, 0.5814637541770935, -0.2935216426849365, -0.8090896606445312, -0.23227690160274506, 0.4498450756072998, -0.2820274531841278, 1.9407579898834229], "hoe_item": [0.779830813407898, -0.24418339133262634, -0.6690031886100769, 0.3477632999420166, 2.1685144901275635, -2.6278188228607178, 0.4319799244403839, 0.6357728838920593], "water": [-0.3297114372253418, 0.45613324642181396, 0.9465180039405823, 1.0738974809646606, -0.7805835604667664, 0.8464753031730652, 0.7886505126953125, -0.3428150713443756], "bucket_item": [1.5906102657318115, 1.033719778060913, -0.3735322058200836, 0.8138409852981567, 1.6253501176834106, -0.9074206948280334, 0.12800844013690948, 1.2824171781539917], "water_bucket_item": [-1.123425841331482, 2.156452178955078, -0.5727623105049133, -0.24381084740161896, -0.45221415162086487, 0.1744164228439331, -0.8743050694465637, -0.3201558291912079], "log_item": [1.5735424757003784, -2.9906811714172363, -0.7445416450500488, 1.936199426651001, -1.3012535572052002, -1.6305485963821411, -1.7510837316513062, -2.558642625808716], "dirt_item": [-0.14803889393806458, -0.29757729172706604, -0.2088426649570465, 0.04708340764045715, 0.16626906394958496, -0.36615705490112305, 0.23902954161167145, -0.2895437180995941], "farmland_item": [-0.14803209900856018, -0.2976897954940796, -0.20883934199810028, 0.04703867435455322, 0.16618359088897705, -0.36615699529647827, 0.2390323430299759, -0.28953537344932556]}