{"air": [-1.2834935188293457, 0.2217811644077301, -0.0687904879450798, 0.0841340646147728, 0.44134390354156494, 0.3519529104232788, 2.1642191410064697, -1.0636521577835083], "wall": [1.5468748807907104, -0.34897372126579285, 0.7386230230331421, -1.9917398691177368, 0.8178983330726624, 0.867711067199707, 0.7736701965332031, -2.322012186050415], "stone": [-1.5943137407302856, -0.3939913511276245, 0.9157136678695679, 0.25660353899002075, 0.7745510339736938, 0.1411418616771698, -0.10803266614675522, -0.7742278575897217], "pickaxe_item": [-0.6963208317756653, -1.2583810091018677, -2.08357572555542, -1.129248857498169, 0.8680943250656128, -0.5364576578140259, 1.054261326789856, 1.8894932270050049], "cobblestone_item": [0.9570423364639282, -1.721910834312439, -0.6440421938896179, 1.313283920288086, 0.012897968292236328, -0.29201850295066833, -2.3673205375671387, -2.135427951812744], "log": [-0.8755003213882446, -0.46634891629219055, 0.4504735767841339, 0.35800936818122864, -0.3779195249080658, -0.7897588014602661, 0.4805077612400055, -1.2986505031585693], "axe_item": [0.6580724120140076, -0.33030450344085693, -2.1661524772644043, -0.985416054725647, -0.3079023063182831, -0.4299674332141876, 1.6257435083389282, 1.652769923210144], "dirt": [-0.3121993839740753, -1.3852722644805908, 2.062135934829712, 0.0458933562040329, -0.8181991577148438, -0.4731398820877075, 0.2576904594898224, -0.0065038870088756084], "farmland": [-1.6625207662582397, 0.3871362507343292, -0.5243318676948547, -0.37034207582473755, 0.27570563554763794, 0.815068244934082, -0.5811118483543396, 1.8601624965667725], "hoe_item": [1.2070372104644775, -0.023291083052754402, -0.2247171401977539, 0.2284906655550003, 1.847707986831665, -2.71708345413208, 0.4715549349784851, 0.8309143781661987], "water": [-0.12234372645616531, 0.69901442527771, 0.8922661542892456, 0.6423951387405396, -1.147580862045288, 0.8285820484161377, 0.5623117685317993, -0.26059985160827637], "bucket_item": [1.6047725677490234, 1.1730475425720215, -0.7009890675544739, 1.0989869832992554, 1.6193320751190186, -0.7704106569290161, 0.16757696866989136, 1.220965027809143], "water_bucket_item": [-1.174006700515747, 1.9782541990280151, -0.5257984399795532, -0.647969126701355, -0.008263192139565945, 0.22548127174377441, -1.2257498502731323, -0.4217558801174164], "log_item": [1.674270510673523, -2.667949676513672, -0.692215621471405, 1.7948108911514282, -1.4355775117874146, -2.0097076892852783, -1.8573004007339478, -2.764868974685669], "dirt_item": [-0.021131502464413643, -0.2880721390247345, -0.17139235138893127, 0.05007984861731529, 0.18104155361652374, -0.3368017375469208, 0.10919051617383957, -0.257201611995697], "farmland_item": [-0.021072054281830788, -0.28844359517097473, -0.17141716182231903, 0.0500374436378479, 0.18103554844856262, -0.3367733359336853, 0.10916200280189514, -0.2572006583213806]}