{"air": [-1.4941450357437134, 0.1797625869512558, -0.1402435600757599, 0.10300154238939285, 0.4997597634792328, 0.3588651120662689, 2.2031912803649902, -1.025543212890625], "wall": [1.559408187866211, -0.2991810142993927, 0.5703802108764648, -2.0210163593292236, 0.9038447141647339, 0.9803134799003601, 0.7953082919120789, -2.3956151008605957], "stone": [-1.677465796470642, -0.43190211057662964, 0.8229377865791321, -0.10298488289117813, 0.8610593676567078, 0.009729200042784214, -0.2739819884300232, -0.7881658673286438], "pickaxe_item": [-0.8088751435279846, -1.223796010017395, -2.201453685760498, -1.1017160415649414, 0.7206209301948547, -0.4702233076095581, 1.0969150066375732, 2.061093807220459], "cobblestone_item": [0.9422474503517151, -1.8502849340438843, -0.707099974155426, 1.3233364820480347, -0.1469416469335556, -0.16495417058467865, -2.469223976135254, -1.9408369064331055], "log": [-1.0295727252960205, -0.4239436686038971, 0.378822922706604, -0.0032349578104913235, -0.30515986680984497, -0.9436042308807373, 0.2771989703178406, -1.4825177192687988], "axe_item": [0.6514171957969666, -0.32907044887542725, -2.089611768722534, -1.139359474182129, -0.3740162253379822, -0.5092862248420715, 1.819016456604004, 1.8031264543533325], "dirt": [-0.42122870683670044, -1.5095741748809814, 2.097827196121216, 0.28565168380737305, -0.7003949880599976, -0.4770827293395996, 0.6861351132392883, -0.1425902247428894], "farmland": [-1.6523162126541138, 0.48330017924308777, -0.18994887173175812, -0.5836647152900696, 0.050280362367630005, 0.5662381052970886, -0.521437406539917, 2.1286656856536865], "hoe_item": [1.1667455434799194, -0.17473602294921875, -0.40497928857803345, 0.20998618006706238, 1.9597418308258057, -2.8490121364593506, 0.5951347351074219, 0.7715228199958801], "water": [-0.25064602494239807, 0.6787754893302917, 0.9596397280693054, 0.7755638360977173, -1.027234673500061, 0.755204975605011, 0.7677279710769653, -0.34575143456459045], "bucket_item": [1.5320883989334106, 1.112342357635498, -0.668363630771637, 1.133270263671875, 1.7028179168701172, -0.9365095496177673, 0.23365263640880585, 1.290087342262268], "water_bucket_item": [-1.066524624824524, 2.1178417205810547, -0.44633951783180237, -0.6058804392814636, -0.22969985008239746, 0.21767494082450867, -1.2355990409851074, -0.2263731062412262], "log_item": [1.6988712549209595, -2.983248233795166, -0.7880128026008606, 1.8442881107330322, -1.4832758903503418, -1.8539402484893799, -1.8344212770462036, -2.7074592113494873], "dirt_item": [-0.07763219624757767, -0.3246508240699768, -0.1888142079114914, 0.0064962487667799, 0.17343243956565857, -0.3757680356502533, 0.1596004217863083, -0.21544703841209412], "farmland_item": [-0.07739432156085968, -0.32426586747169495, -0.18881209194660187, 0.006779068149626255, 0.17346513271331787, -0.37578263878822327, 0.1596013456583023, -0.21544571220874786]}