{"air": [-1.3852299451828003, 0.24395006895065308, -0.1464945375919342, 0.08138012886047363, 0.4637328088283539, 0.3579407334327698, 2.162652015686035, -1.0891793966293335], "wall": [1.6124078035354614, -0.4146769940853119, 0.7880114912986755, -1.9284042119979858, 0.8636988401412964, 0.9372637867927551, 0.9132921099662781, -2.3121185302734375], "stone": [-1.6036347150802612, -0.5146532654762268, 0.9219741821289062, 0.22763264179229736, 0.8386648893356323, 0.1836858093738556, -0.06729146093130112, -0.7727394104003906], "pickaxe_item": [-0.6943383812904358, -1.293798804283142, -2.072343587875366, -1.1646157503128052, 0.8443946242332458, -0.5617856383323669, 1.113386631011963, 1.977039098739624], "cobblestone_item": [1.0254188776016235, -1.831702709197998, -0.6233283877372742, 1.336059808731079, 0.04096456617116928, -0.30441048741340637, -2.352663516998291, -2.0786235332489014], "log": [-0.9335488677024841, -0.49396950006484985, 0.3996864855289459, 0.3173665702342987, -0.324442595243454, -0.7854974865913391, 0.4948475658893585, -1.3565584421157837], "axe_item": [0.6755495667457581, -0.3495066463947296, -2.169494152069092, -0.9703440070152283, -0.3073750436306, -0.35127419233322144, 1.7119784355163574, 1.7138054370880127], "dirt": [-0.3785274624824524, -1.435651421546936, 2.083197832107544, 0.09355916827917099, -0.8307365775108337, -0.5412649512290955, 0.3817947506904602, -0.0560479462146759], "farmland": [-1.6597809791564941, 0.2727297246456146, -0.4555661082267761, -0.38887789845466614, 0.31701186299324036, 0.8782892227172852, -0.5674017071723938, 1.9391357898712158], "hoe_item": [1.1505564451217651, -0.027475187554955482, -0.22236968576908112, 0.1548822522163391, 1.8504993915557861, -2.8115108013153076, 0.5394427180290222, 0.8649431467056274], "water": [-0.20312988758087158, 0.7444982528686523, 0.9333276152610779, 0.6617854833602905, -1.1288772821426392, 0.7555042505264282, 0.5555599927902222, -0.2720685601234436], "bucket_item": [1.5622702836990356, 1.2034879922866821, -0.7099516987800598, 1.1043401956558228, 1.6198279857635498, -0.8641819357872009, 0.18569621443748474, 1.249435305595398], "water_bucket_item": [-1.1863579750061035, 1.850574016571045, -0.4677076041698456, -0.7987528443336487, 0.08667220175266266, 0.302602618932724, -1.3341906070709229, -0.36774441599845886], "log_item": [1.693286418914795, -2.7240898609161377, -0.7244202494621277, 1.7619643211364746, -1.4443283081054688, -2.048736810684204, -1.8450593948364258, -2.8108458518981934], "dirt_item": [-0.039984382688999176, -0.33325162529945374, -0.16455386579036713, 0.03519432619214058, 0.20492969453334808, -0.3417220115661621, 0.14280378818511963, -0.24162094295024872], "farmland_item": [-0.03988150134682655, -0.3332652449607849, -0.16455279290676117, 0.03519552946090698, 0.20493079721927643, -0.34174737334251404, 0.14280423521995544, -0.24165326356887817]}