{"air": [-1.3066585063934326, 0.2274019867181778, -0.06547041982412338, 0.08856885135173798, 0.44126442074775696, 0.35938236117362976, 2.166515827178955, -1.0712890625], "wall": [1.562293529510498, -0.3663000464439392, 0.7213255763053894, -2.0033347606658936, 0.8201342225074768, 0.8871991038322449, 0.7833069562911987, -2.30549693107605], "stone": [-1.5800461769104004, -0.4290846586227417, 0.9184982180595398, 0.2690989077091217, 0.7792154550552368, 0.17432601749897003, -0.10861170291900635, -0.7676794528961182], "pickaxe_item": [-0.7061139345169067, -1.2682493925094604, -2.088487148284912, -1.1290522813796997, 0.8813252449035645, -0.530382513999939, 1.076422095298767, 1.9078192710876465], "cobblestone_item": [0.9355518817901611, -1.7517644166946411, -0.638994574546814, 1.2836763858795166, 0.011641480959951878, -0.29719316959381104, -2.378948450088501, -2.1364128589630127], "log": [-0.8894978761672974, -0.44746261835098267, 0.4411342740058899, 0.3478991687297821, -0.3673246204853058, -0.8020274043083191, 0.5019738674163818, -1.303666591644287], "axe_item": [0.6490901708602905, -0.3330751955509186, -2.163501739501953, -0.9888741374015808, -0.3179658353328705, -0.43505123257637024, 1.6341872215270996, 1.66372811794281], "dirt": [-0.32315680384635925, -1.376286506652832, 2.0723752975463867, 0.042471788823604584, -0.8159722685813904, -0.49661338329315186, 0.27580228447914124, -0.015613307245075703], "farmland": [-1.6813042163848877, 0.36589059233665466, -0.5168002843856812, -0.36778151988983154, 0.27530941367149353, 0.8157577514648438, -0.5713326334953308, 1.8792399168014526], "hoe_item": [1.1913433074951172, -0.017536383122205734, -0.2485828697681427, 0.20383410155773163, 1.8495577573776245, -2.7404582500457764, 0.4689529538154602, 0.8280458450317383], "water": [-0.12678736448287964, 0.7335869669914246, 0.8764673471450806, 0.6400842070579529, -1.1565028429031372, 0.8018429279327393, 0.5429345369338989, -0.2645165026187897], "bucket_item": [1.603935956954956, 1.1521086692810059, -0.7018917202949524, 1.1004961729049683, 1.6263066530227661, -0.7671945691108704, 0.1702543944120407, 1.24714994430542], "water_bucket_item": [-1.1965702772140503, 1.9514938592910767, -0.5392017364501953, -0.6634210348129272, 0.03726040944457054, 0.24140548706054688, -1.2499593496322632, -0.4170056879520416], "log_item": [1.662829041481018, -2.70001482963562, -0.6791677474975586, 1.8332711458206177, -1.4162535667419434, -2.0107929706573486, -1.8396345376968384, -2.7652618885040283], "dirt_item": [-0.03047369420528412, -0.29689157009124756, -0.17485040426254272, 0.047115258872509, 0.18724936246871948, -0.3377149701118469, 0.11299518495798111, -0.25192171335220337], "farmland_item": [-0.030470024794340134, -0.29692813754081726, -0.17485323548316956, 0.047156862914562225, 0.18725281953811646, -0.33776068687438965, 0.11303120851516724, -0.25187981128692627]}