{"air": [-1.4979724884033203, 0.18710029125213623, -0.13840633630752563, 0.09186756610870361, 0.5282425880432129, 0.32675305008888245, 2.206716537475586, -1.0407555103302002], "wall": [1.418953537940979, -0.24003350734710693, 0.534479022026062, -1.9917545318603516, 0.9449044466018677, 0.908666729927063, 0.7401673197746277, -2.456084728240967], "stone": [-1.728399634361267, -0.3720495104789734, 0.838333010673523, -0.10269700735807419, 0.7617241740226746, -0.03665023669600487, -0.20719631016254425, -0.7647932767868042], "pickaxe_item": [-0.7876213788986206, -1.1621559858322144, -2.2111623287200928, -1.0584056377410889, 0.6987788677215576, -0.39988476037979126, 1.0845792293548584, 2.021883010864258], "cobblestone_item": [0.7298890948295593, -1.714801549911499, -0.7123973965644836, 1.2298712730407715, -0.16751305758953094, -0.222981259226799, -2.494133234024048, -1.9929444789886475], "log": [-1.0081207752227783, -0.4581111669540405, 0.4161135256290436, 0.09186399728059769, -0.3123065233230591, -0.9105507135391235, 0.4246614873409271, -1.4361642599105835], "axe_item": [0.7143085598945618, -0.3780103921890259, -1.992875576019287, -1.0776435136795044, -0.3297407329082489, -0.4630410075187683, 1.8489062786102295, 1.724960207939148], "dirt": [-0.37693288922309875, -1.5620450973510742, 2.069617509841919, 0.23801791667938232, -0.6681417226791382, -0.3868924677371979, 0.6744140982627869, -0.11717294156551361], "farmland": [-1.608495831489563, 0.5488415360450745, -0.18693162500858307, -0.5376063585281372, 0.0394066721200943, 0.5789813995361328, -0.42073914408683777, 2.090888738632202], "hoe_item": [0.9838457703590393, -0.1756986826658249, -0.5162085890769958, 0.17053939402103424, 1.944273829460144, -2.875293016433716, 0.5034672021865845, 0.7107914686203003], "water": [-0.21878530085086823, 0.6831414103507996, 0.9648900032043457, 0.8186495304107666, -0.9789451956748962, 0.7027046084403992, 0.7819619178771973, -0.32435429096221924], "bucket_item": [1.557640790939331, 1.049238681793213, -0.5635619759559631, 1.1129904985427856, 1.726487159729004, -0.9518223404884338, 0.2770497798919678, 1.2207297086715698], "water_bucket_item": [-1.0934585332870483, 2.1589195728302, -0.3955233097076416, -0.5732571482658386, -0.34300628304481506, 0.07526489347219467, -1.075960397720337, -0.21395863592624664], "log_item": [1.5435785055160522, -2.9692821502685547, -0.8116893768310547, 1.8480534553527832, -1.428446650505066, -1.7657933235168457, -1.8225170373916626, -2.679290294647217], "dirt_item": [-0.11460280418395996, -0.30690622329711914, -0.18122880160808563, 0.0171290822327137, 0.17142353951931, -0.38316935300827026, 0.1875162422657013, -0.23343035578727722], "farmland_item": [-0.1145998165011406, -0.3067505955696106, -0.181372731924057, 0.017057957127690315, 0.17142000794410706, -0.3831714987754822, 0.18746624886989594, -0.23342983424663544]}