{"air": [-1.515414834022522, 0.15163634717464447, -0.038100820034742355, 0.0829489454627037, 0.55301833152771, 0.25426506996154785, 2.223053216934204, -1.047473430633545], "wall": [1.2552274465560913, -0.17096130549907684, 0.4353598952293396, -1.8811469078063965, 0.9332622289657593, 0.9135540723800659, 0.7470481395721436, -2.550875663757324], "stone": [-1.8212361335754395, -0.300142765045166, 0.8272257447242737, -0.11375837028026581, 0.6265144944190979, -0.1992516964673996, -0.19017571210861206, -0.732352614402771], "pickaxe_item": [-0.6797360181808472, -0.995857298374176, -2.3224751949310303, -0.9733512997627258, 0.6686967015266418, -0.20074759423732758, 1.2729038000106812, 1.8804925680160522], "cobblestone_item": [0.6177878379821777, -1.76139497756958, -0.7971730828285217, 1.1615108251571655, -0.15085268020629883, -0.204098179936409, -2.4123454093933105, -1.9282413721084595], "log": [-0.9890327453613281, -0.417916476726532, 0.4069744646549225, 0.13434648513793945, -0.47012680768966675, -0.8714123964309692, 0.5031384825706482, -1.3648064136505127], "axe_item": [0.760375440120697, -0.24102409183979034, -1.8765621185302734, -1.0311453342437744, -0.33508050441741943, -0.5839565396308899, 1.9709089994430542, 1.5969969034194946], "dirt": [-0.462750107049942, -1.4821858406066895, 2.0371668338775635, -0.02196434698998928, -0.6242164969444275, -0.5676867961883545, 0.562612771987915, -0.21402303874492645], "farmland": [-1.6061482429504395, 0.642423689365387, -0.25290676951408386, -0.7114824056625366, -0.17880207300186157, 0.3863479197025299, -0.2998839318752289, 1.9879895448684692], "hoe_item": [0.88320392370224, -0.29128870368003845, -0.6557374596595764, 0.349991112947464, 2.2182514667510986, -2.572842597961426, 0.5249395966529846, 0.6026932001113892], "water": [-0.2616918087005615, 0.5343683362007141, 0.9679470658302307, 1.050915241241455, -0.6819937229156494, 0.8433365225791931, 0.8134006261825562, -0.31114646792411804], "bucket_item": [1.5862655639648438, 1.055619478225708, -0.4538337290287018, 0.9184486269950867, 1.603609561920166, -0.8907057046890259, 0.1492524892091751, 1.2759983539581299], "water_bucket_item": [-1.1292405128479004, 2.1912925243377686, -0.5519706606864929, -0.2830756604671478, -0.3533673882484436, 0.1616523265838623, -0.889751136302948, -0.325305700302124], "log_item": [1.4663325548171997, -2.9608988761901855, -0.8001360297203064, 1.9300001859664917, -1.3691787719726562, -1.6143652200698853, -1.7226791381835938, -2.6037282943725586], "dirt_item": [-0.1510867327451706, -0.2809217870235443, -0.20734715461730957, 0.04261622577905655, 0.17304730415344238, -0.36469796299934387, 0.23994901776313782, -0.26733294129371643], "farmland_item": [-0.15114638209342957, -0.28092026710510254, -0.20733991265296936, 0.042641229927539825, 0.17300306260585785, -0.36469998955726624, 0.2400205433368683, -0.2673361003398895]}