{"air": [-1.5175150632858276, 0.2075360119342804, -0.1338253915309906, 0.09915147721767426, 0.4584980905056, 0.32791832089424133, 2.1852738857269287, -1.0423250198364258], "wall": [1.642313838005066, -0.39292487502098083, 0.6144667863845825, -2.0036048889160156, 0.8986388444900513, 1.0222245454788208, 0.8857120871543884, -2.3611299991607666], "stone": [-1.6673990488052368, -0.46980682015419006, 0.8127327561378479, -0.11515876650810242, 0.8813658952713013, 0.03708638250827789, -0.2999531924724579, -0.7896704077720642], "pickaxe_item": [-0.782332181930542, -1.2639744281768799, -2.2030043601989746, -1.1229877471923828, 0.7298998236656189, -0.5559629201889038, 1.145226240158081, 2.1112558841705322], "cobblestone_item": [1.0614676475524902, -1.8803651332855225, -0.7013736367225647, 1.3110885620117188, -0.1412777155637741, -0.1759713590145111, -2.4846699237823486, -1.9314508438110352], "log": [-1.0207798480987549, -0.4753996729850769, 0.34385189414024353, 0.016354015097022057, -0.24123315513134003, -0.9051995873451233, 0.27505213022232056, -1.4692786931991577], "axe_item": [0.6451166868209839, -0.29769039154052734, -2.1357274055480957, -1.1569005250930786, -0.32335957884788513, -0.4770960211753845, 1.8330024480819702, 1.7972298860549927], "dirt": [-0.4414910078048706, -1.5158342123031616, 2.1148056983947754, 0.286316454410553, -0.7256435751914978, -0.4975130259990692, 0.6647577285766602, -0.16399459540843964], "farmland": [-1.646716594696045, 0.385997474193573, -0.24791108071804047, -0.575394868850708, 0.11027553677558899, 0.6997959613800049, -0.550672173500061, 2.145761013031006], "hoe_item": [1.2522039413452148, -0.13874861598014832, -0.2930663228034973, 0.2550452947616577, 1.8596775531768799, -2.8602476119995117, 0.5956078767776489, 0.9151698350906372], "water": [-0.2681392729282379, 0.7126749157905579, 0.9662411212921143, 0.7704572677612305, -1.0556293725967407, 0.742052435874939, 0.7178345322608948, -0.32543158531188965], "bucket_item": [1.4935951232910156, 1.1976648569107056, -0.8037165403366089, 1.1026889085769653, 1.8016756772994995, -0.8843164443969727, 0.19815132021903992, 1.2591310739517212], "water_bucket_item": [-1.0427191257476807, 2.040398359298706, -0.39616885781288147, -0.8029156923294067, -0.22035840153694153, 0.23728670179843903, -1.3316153287887573, -0.2000347375869751], "log_item": [1.8245970010757446, -2.933022975921631, -0.810940682888031, 1.8348922729492188, -1.5074554681777954, -1.908078670501709, -1.8415998220443726, -2.7264339923858643], "dirt_item": [-0.05077429115772247, -0.33640673756599426, -0.19322922825813293, -0.00817843247205019, 0.18007545173168182, -0.3667025864124298, 0.1491251438856125, -0.200648695230484], "farmland_item": [-0.05081126093864441, -0.33640342950820923, -0.1934632956981659, -0.008171278052031994, 0.1800764948129654, -0.36683785915374756, 0.14924293756484985, -0.20064744353294373]}