{"air": [-1.4634087085723877, 0.24973563849925995, -0.1567617654800415, 0.06452231109142303, 0.477504700422287, 0.33796921372413635, 2.156306028366089, -1.0922693014144897], "wall": [1.6408536434173584, -0.40768948197364807, 0.7659890055656433, -1.9336410760879517, 0.8765029311180115, 0.944897472858429, 0.9645311236381531, -2.318513870239258], "stone": [-1.6205260753631592, -0.52440345287323, 0.9089071154594421, 0.1620027869939804, 0.8509814739227295, 0.14419569075107574, -0.10984481126070023, -0.7838267087936401], "pickaxe_item": [-0.690222978591919, -1.3069212436676025, -2.1157233715057373, -1.1670204401016235, 0.8473166227340698, -0.5270991921424866, 1.1754447221755981, 2.0134475231170654], "cobblestone_item": [1.0658233165740967, -1.8893824815750122, -0.6091242432594299, 1.346490740776062, -0.01411844789981842, -0.22427856922149658, -2.358050584793091, -2.0247766971588135], "log": [-0.9494390487670898, -0.48331308364868164, 0.4011766016483307, 0.3040285110473633, -0.3023453950881958, -0.8143348097801208, 0.491847425699234, -1.3919055461883545], "axe_item": [0.6694270968437195, -0.33762505650520325, -2.133749008178711, -1.0255286693572998, -0.34827354550361633, -0.41101881861686707, 1.7526507377624512, 1.7365044355392456], "dirt": [-0.41017505526542664, -1.4243340492248535, 2.0991921424865723, 0.13782088458538055, -0.8376073241233826, -0.6005825996398926, 0.4543858766555786, -0.08203975111246109], "farmland": [-1.6810526847839355, 0.2663251459598541, -0.4091736972332001, -0.4666682183742523, 0.27907735109329224, 0.8217158317565918, -0.5593141317367554, 1.9911519289016724], "hoe_item": [1.1816699504852295, -0.0761641338467598, -0.24976356327533722, 0.15965642035007477, 1.89814031124115, -2.8030126094818115, 0.5233924388885498, 0.8856987357139587], "water": [-0.1958809196949005, 0.7101882696151733, 0.9329484701156616, 0.688911497592926, -1.0968453884124756, 0.8052926659584045, 0.5879859328269958, -0.26311051845550537], "bucket_item": [1.524346113204956, 1.2456272840499878, -0.761103630065918, 1.1253756284713745, 1.623307228088379, -0.8923912048339844, 0.22129963338375092, 1.2529113292694092], "water_bucket_item": [-1.158011555671692, 1.8479971885681152, -0.4593290388584137, -0.8412777185440063, 0.039462924003601074, 0.31524547934532166, -1.3578083515167236, -0.3348110318183899], "log_item": [1.750393271446228, -2.771090507507324, -0.7874062061309814, 1.7437313795089722, -1.4783610105514526, -2.0364246368408203, -1.830938458442688, -2.784362316131592], "dirt_item": [-0.04045749083161354, -0.34247151017189026, -0.17200256884098053, 0.02160685323178768, 0.20002074539661407, -0.3474818766117096, 0.15837232768535614, -0.22918540239334106], "farmland_item": [-0.04053114727139473, -0.3424704968929291, -0.17199544608592987, 0.02164643444120884, 0.19999870657920837, -0.34738752245903015, 0.1583687663078308, -0.2291955202817917]}