{"air": [-1.4887263774871826, 0.25821545720100403, -0.16583676636219025, 0.0810890793800354, 0.4888761341571808, 0.32402995228767395, 2.1556875705718994, -1.091179609298706], "wall": [1.6343895196914673, -0.40427207946777344, 0.7758173942565918, -1.9503294229507446, 0.8562698364257812, 0.9377657771110535, 0.9678112864494324, -2.345602512359619], "stone": [-1.6235889196395874, -0.5433322787284851, 0.9124854207038879, 0.12716850638389587, 0.8492363691329956, 0.15923379361629486, -0.1204976737499237, -0.7952117919921875], "pickaxe_item": [-0.6833999752998352, -1.3087353706359863, -2.1225979328155518, -1.1435106992721558, 0.823214590549469, -0.5588545203208923, 1.1955640316009521, 2.0258400440216064], "cobblestone_item": [1.0799682140350342, -1.8680788278579712, -0.6545921564102173, 1.2838728427886963, -0.06513918191194534, -0.2383117824792862, -2.4149086475372314, -1.9993937015533447], "log": [-0.9536495804786682, -0.5151728391647339, 0.39505940675735474, 0.25512486696243286, -0.3027200698852539, -0.8277266621589661, 0.47004351019859314, -1.395408034324646], "axe_item": [0.6574048399925232, -0.28989797830581665, -2.119535207748413, -1.0601387023925781, -0.35884761810302734, -0.40825214982032776, 1.801675796508789, 1.7546191215515137], "dirt": [-0.42722800374031067, -1.4557729959487915, 2.108823299407959, 0.17640388011932373, -0.7899186611175537, -0.6049054265022278, 0.4998290538787842, -0.08598657697439194], "farmland": [-1.674546241760254, 0.2738826274871826, -0.37179818749427795, -0.49668386578559875, 0.28144127130508423, 0.804616391658783, -0.5461336374282837, 2.0235509872436523], "hoe_item": [1.2190982103347778, -0.07841725647449493, -0.27028998732566833, 0.15090197324752808, 1.9052581787109375, -2.8153231143951416, 0.5282371640205383, 0.8780787587165833], "water": [-0.22046580910682678, 0.6862552762031555, 0.9503130316734314, 0.7197861671447754, -1.0703365802764893, 0.8162421584129333, 0.6403034925460815, -0.27457934617996216], "bucket_item": [1.5112218856811523, 1.2641617059707642, -0.7864241600036621, 1.1235915422439575, 1.6437339782714844, -0.9053440093994141, 0.23212267458438873, 1.2289457321166992], "water_bucket_item": [-1.16046142578125, 1.8719615936279297, -0.40655574202537537, -0.86412113904953, -0.016374127939343452, 0.2875150144100189, -1.348203420639038, -0.2997904121875763], "log_item": [1.7744140625, -2.791980504989624, -0.8090662360191345, 1.772076964378357, -1.4925669431686401, -2.0094642639160156, -1.8352501392364502, -2.7728946208953857], "dirt_item": [-0.042239587754011154, -0.3428431749343872, -0.17116744816303253, 0.01276442315429449, 0.19569924473762512, -0.3545440435409546, 0.16696813702583313, -0.22592690587043762], "farmland_item": [-0.04224710911512375, -0.3428087830543518, -0.17116090655326843, 0.012788573279976845, 0.19569353759288788, -0.35458168387413025, 0.16692952811717987, -0.2259429544210434]}