{"air": [-1.4193708896636963, 0.2481003701686859, -0.15286538004875183, 0.07114645838737488, 0.4680787920951843, 0.3462396264076233, 2.161268949508667, -1.094909906387329], "wall": [1.6461308002471924, -0.4293138086795807, 0.7555471658706665, -1.945184350013733, 0.8756293654441833, 0.9509469270706177, 0.9490479826927185, -2.2975502014160156], "stone": [-1.6035418510437012, -0.5159711837768555, 0.9148759841918945, 0.20688647031784058, 0.8557052612304688, 0.16896800696849823, -0.09226062148809433, -0.7754437327384949], "pickaxe_item": [-0.7186304330825806, -1.3260301351547241, -2.07729172706604, -1.158721685409546, 0.837761640548706, -0.5634857416152954, 1.1298203468322754, 2.0041189193725586], "cobblestone_item": [1.0529730319976807, -1.840022325515747, -0.6207088828086853, 1.3222771883010864, 0.046311479061841965, -0.2876966893672943, -2.3665518760681152, -2.074045419692993], "log": [-0.943475067615509, -0.4581282138824463, 0.40687426924705505, 0.3056487441062927, -0.3184109926223755, -0.8119333982467651, 0.46572959423065186, -1.3728448152542114], "axe_item": [0.6533839106559753, -0.3277917504310608, -2.1652352809906006, -1.03049635887146, -0.31505417823791504, -0.3990944027900696, 1.7269171476364136, 1.7227836847305298], "dirt": [-0.3966159224510193, -1.4243037700653076, 2.091015338897705, 0.11556298285722733, -0.8527789115905762, -0.5647847652435303, 0.4271117150783539, -0.06464024633169174], "farmland": [-1.664072036743164, 0.27519863843917847, -0.4316275715827942, -0.41502273082733154, 0.31008589267730713, 0.8583369255065918, -0.5699609518051147, 1.971136212348938], "hoe_item": [1.1800986528396606, -0.06698399782180786, -0.2531178891658783, 0.16252359747886658, 1.8845398426055908, -2.806833028793335, 0.5384377241134644, 0.8742085695266724], "water": [-0.19581973552703857, 0.7219446897506714, 0.9335249662399292, 0.6860880851745605, -1.1042790412902832, 0.799491286277771, 0.5846296548843384, -0.26515379548072815], "bucket_item": [1.5495076179504395, 1.2257256507873535, -0.7411143183708191, 1.1176460981369019, 1.6243038177490234, -0.8797817826271057, 0.21622243523597717, 1.244323968887329], "water_bucket_item": [-1.1523908376693726, 1.8618839979171753, -0.4413488507270813, -0.8282696008682251, 0.08201491087675095, 0.32666823267936707, -1.3516589403152466, -0.34020596742630005], "log_item": [1.715842604637146, -2.740577220916748, -0.7599980235099792, 1.759743094444275, -1.458739995956421, -2.054211378097534, -1.8428230285644531, -2.8071606159210205], "dirt_item": [-0.03771533444523811, -0.33523115515708923, -0.1696886420249939, 0.026827475056052208, 0.20816488564014435, -0.3457648754119873, 0.14842325448989868, -0.23511113226413727], "farmland_item": [-0.037707678973674774, -0.3351811468601227, -0.1696864664554596, 0.02687457762658596, 0.20823612809181213, -0.3457562327384949, 0.14862048625946045, -0.23513607680797577]}