{"air": [-1.5098142623901367, 0.15522177517414093, -0.06922154128551483, 0.09185264259576797, 0.5536689758300781, 0.26823922991752625, 2.2181432247161865, -1.0600446462631226], "wall": [1.3088277578353882, -0.19614355266094208, 0.43303680419921875, -1.9179660081863403, 0.9448544383049011, 0.9619980454444885, 0.7639749646186829, -2.5005104541778564], "stone": [-1.8196889162063599, -0.2615010142326355, 0.8398840427398682, -0.0730663314461708, 0.639863133430481, -0.10606034100055695, -0.15518316626548767, -0.7709653973579407], "pickaxe_item": [-0.6676498055458069, -1.0307440757751465, -2.2942750453948975, -0.9766042828559875, 0.7076219916343689, -0.1799270212650299, 1.2351624965667725, 1.9325687885284424], "cobblestone_item": [0.6073336601257324, -1.7089378833770752, -0.7950166463851929, 1.1700135469436646, -0.14747042953968048, -0.16224777698516846, -2.4340670108795166, -1.9516310691833496], "log": [-0.9957997798919678, -0.37877097725868225, 0.3905174434185028, 0.10941314697265625, -0.5016723871231079, -0.9060283303260803, 0.45957043766975403, -1.3442130088806152], "axe_item": [0.7455064654350281, -0.28884556889533997, -1.8820631504058838, -1.069817066192627, -0.3174542784690857, -0.6253480911254883, 1.9237020015716553, 1.6618998050689697], "dirt": [-0.3955417573451996, -1.529691457748413, 2.035706043243408, 0.04860113561153412, -0.5665071606636047, -0.5035269856452942, 0.6046058535575867, -0.20649507641792297], "farmland": [-1.5832953453063965, 0.593041718006134, -0.19210000336170197, -0.6492127180099487, -0.06623657047748566, 0.49150028824806213, -0.31321102380752563, 2.0570144653320312], "hoe_item": [0.8331564664840698, -0.326465904712677, -0.6311621069908142, 0.26855775713920593, 2.1343038082122803, -2.676604986190796, 0.4405987858772278, 0.6697160601615906], "water": [-0.24576479196548462, 0.5278204083442688, 0.9772728085517883, 0.9973761439323425, -0.8019267320632935, 0.82314133644104, 0.8069843649864197, -0.26617270708084106], "bucket_item": [1.6099454164505005, 1.0780675411224365, -0.4536541998386383, 0.9334665536880493, 1.672608494758606, -0.9809544086456299, 0.21996253728866577, 1.1970493793487549], "water_bucket_item": [-1.0683090686798096, 2.19831919670105, -0.4782325029373169, -0.36989301443099976, -0.355258971452713, 0.22422990202903748, -0.9276601672172546, -0.23063388466835022], "log_item": [1.4865727424621582, -2.954378366470337, -0.7906163930892944, 1.854264736175537, -1.3407131433486938, -1.6265735626220703, -1.8118011951446533, -2.6592354774475098], "dirt_item": [-0.13663914799690247, -0.28674256801605225, -0.19584238529205322, 0.02880285307765007, 0.18117913603782654, -0.3537261486053467, 0.22390440106391907, -0.24843746423721313], "farmland_item": [-0.13663971424102783, -0.2867782711982727, -0.19579781591892242, 0.028859639540314674, 0.1811111867427826, -0.35372212529182434, 0.22379831969738007, -0.24843639135360718]}