{"air": [-1.5194779634475708, 0.2639530897140503, -0.15935580432415009, 0.08039533346891403, 0.49212679266929626, 0.30622398853302, 2.147806167602539, -1.0964010953903198], "wall": [1.6290357112884521, -0.38131076097488403, 0.7484652996063232, -1.9931918382644653, 0.8487359881401062, 0.9427032470703125, 0.9632126688957214, -2.3462674617767334], "stone": [-1.624479055404663, -0.5391775965690613, 0.8897885680198669, 0.06151079013943672, 0.8750998973846436, 0.15496769547462463, -0.16327084600925446, -0.7918993830680847], "pickaxe_item": [-0.7194439768791199, -1.2936012744903564, -2.141756772994995, -1.1199288368225098, 0.7670716047286987, -0.5966612100601196, 1.2186247110366821, 2.0990350246429443], "cobblestone_item": [1.0864059925079346, -1.8283826112747192, -0.6840699315071106, 1.2056975364685059, -0.12796685099601746, -0.27040836215019226, -2.46988844871521, -1.9816147089004517], "log": [-0.9722407460212708, -0.5308668613433838, 0.36721378564834595, 0.20060710608959198, -0.2760562002658844, -0.8456535935401917, 0.45916032791137695, -1.4078408479690552], "axe_item": [0.6668719053268433, -0.3043684959411621, -2.101686954498291, -1.0962159633636475, -0.3510940670967102, -0.4111996293067932, 1.8279730081558228, 1.7484023571014404], "dirt": [-0.4569774270057678, -1.5046629905700684, 2.124234914779663, 0.22044408321380615, -0.7631598711013794, -0.582220733165741, 0.5558932423591614, -0.10151717066764832], "farmland": [-1.6823865175247192, 0.2964337170124054, -0.329659640789032, -0.5316327214241028, 0.23259782791137695, 0.7662498950958252, -0.5320366024971008, 2.0692975521087646], "hoe_item": [1.2598607540130615, -0.10537001490592957, -0.27890676259994507, 0.18426218628883362, 1.888588309288025, -2.820894718170166, 0.5379645824432373, 0.8985648155212402], "water": [-0.2224959433078766, 0.6573509573936462, 0.9572650194168091, 0.7518860697746277, -1.0548406839370728, 0.8193110227584839, 0.6880943775177002, -0.27777299284935], "bucket_item": [1.500627040863037, 1.268351435661316, -0.8246139287948608, 1.1053376197814941, 1.675009846687317, -0.8922908902168274, 0.22286240756511688, 1.227713704109192], "water_bucket_item": [-1.156919240951538, 1.9171373844146729, -0.3430872857570648, -0.8974875211715698, -0.133126363158226, 0.20616035163402557, -1.3270950317382812, -0.23625633120536804], "log_item": [1.7742103338241577, -2.8252875804901123, -0.7823479175567627, 1.8311560153961182, -1.5628323554992676, -1.9676800966262817, -1.8336610794067383, -2.740849256515503], "dirt_item": [-0.048859477043151855, -0.343198299407959, -0.17096740007400513, -1.43820889206836e-05, 0.17917077243328094, -0.3656938970088959, 0.17130699753761292, -0.2114751785993576], "farmland_item": [-0.048833902925252914, -0.34319746494293213, -0.1709664762020111, -8.095805242192e-05, 0.17917104065418243, -0.36569198966026306, 0.1712147742509842, -0.21143171191215515]}