{"air": [-1.3264875411987305, 0.2275731861591339, -0.07442215085029602, 0.08099200576543808, 0.4456180930137634, 0.35457706451416016, 2.1681437492370605, -1.0783491134643555], "wall": [1.5770138502120972, -0.3749423921108246, 0.7258056998252869, -1.986365795135498, 0.8337007761001587, 0.9057567119598389, 0.8142712712287903, -2.2963383197784424], "stone": [-1.5784300565719604, -0.4562758505344391, 0.9249509572982788, 0.2656071186065674, 0.7837441563606262, 0.1885690838098526, -0.09715685248374939, -0.7567631006240845], "pickaxe_item": [-0.7186029553413391, -1.2698274850845337, -2.0763797760009766, -1.1419235467910767, 0.8726963400840759, -0.5451614856719971, 1.075744390487671, 1.9210771322250366], "cobblestone_item": [0.975633978843689, -1.7675164937973022, -0.6402822732925415, 1.2783894538879395, 0.04845727980136871, -0.3132101893424988, -2.3794500827789307, -2.1293106079101562], "log": [-0.8976581692695618, -0.45516711473464966, 0.44173651933670044, 0.36499571800231934, -0.37737974524497986, -0.7892948985099792, 0.49119463562965393, -1.3157579898834229], "axe_item": [0.6626908183097839, -0.3531538248062134, -2.172295331954956, -0.9737944602966309, -0.2821027636528015, -0.4065195620059967, 1.6493117809295654, 1.6641384363174438], "dirt": [-0.3369669020175934, -1.382961392402649, 2.080127239227295, 0.048983968794345856, -0.8168590664863586, -0.516468346118927, 0.3034968376159668, -0.03178473934531212], "farmland": [-1.6901113986968994, 0.3384060859680176, -0.5040022730827332, -0.38279038667678833, 0.2667710483074188, 0.8184328675270081, -0.5764853358268738, 1.8867374658584595], "hoe_item": [1.1693991422653198, 0.011559599079191685, -0.26430001854896545, 0.21280552446842194, 1.8695785999298096, -2.7473604679107666, 0.4925377070903778, 0.8138062357902527], "water": [-0.13807368278503418, 0.7512076497077942, 0.8696132898330688, 0.6367441415786743, -1.1526366472244263, 0.7943323254585266, 0.5338457226753235, -0.2674541175365448], "bucket_item": [1.5942025184631348, 1.168818473815918, -0.6840639710426331, 1.0937749147415161, 1.595265507698059, -0.7673468589782715, 0.16975434124469757, 1.2823951244354248], "water_bucket_item": [-1.2097283601760864, 1.920275330543518, -0.5330340266227722, -0.6971092820167542, 0.059486713260412216, 0.2581104040145874, -1.2692795991897583, -0.4191114902496338], "log_item": [1.657412052154541, -2.6918814182281494, -0.6994901299476624, 1.8013232946395874, -1.4141626358032227, -2.0547683238983154, -1.8396737575531006, -2.768963098526001], "dirt_item": [-0.03443627431988716, -0.302227646112442, -0.1744881123304367, 0.04350727051496506, 0.19327157735824585, -0.3391759693622589, 0.11767835170030594, -0.24990591406822205], "farmland_item": [-0.03443865105509758, -0.30207815766334534, -0.17448776960372925, 0.04351043328642845, 0.19324059784412384, -0.3391730487346649, 0.1176765039563179, -0.24971991777420044]}